timestamp,task_id,project,category,priority,est_hours,real_hours,difficulty,status
2025-01-06 07:49:00,NNA-101,Neural Nexus AI,deep_work,medium,7.7,7.1,5,in_progress
2025-01-06 11:04:00,NNA-102,Neural Nexus AI,deep_work,high,5.6,9.9,5,completed
2025-01-06 13:41:00,CHR-101,Project Chronos,strategy,high,1.1,0.8,2,completed
2025-01-06 15:02:00,NNA-103,Neural Nexus AI,deep_work,high,4.9,3.7,3,completed
2025-01-07 09:42:00,ZEN-101,ZenFlow Mobile v3,deep_work,high,6.8,0.0,3,pending
2025-01-07 09:46:00,CHR-102,Project Chronos,collaboration,medium,1.1,1.1,3,in_progress
2025-01-07 12:12:00,CHR-103,Project Chronos,deep_work,medium,7.0,4.5,5,completed
2025-01-07 15:40:00,LCM-101,Legacy Cloud Migration,reactive,critical,1.5,1.4,2,completed
2025-01-07 15:54:00,NNA-104,Neural Nexus AI,reactive,critical,0.9,1.4,2,completed
2025-01-07 20:10:00,CHR-104,Project Chronos,deep_work,high,7.4,5.9,3,completed
2025-01-08 11:44:00,NNA-105,Neural Nexus AI,collaboration,high,1.0,1.5,1,completed
2025-01-08 13:14:00,LUM-101,Lumina Analytics UI,deep_work,medium,4.3,0.0,4,pending
2025-01-08 13:49:00,ACE-101,Aether Core Engine,strategy,medium,1.4,2.8,4,completed
2025-01-08 15:28:00,ZEN-102,ZenFlow Mobile v3,deep_work,low,3.6,2.3,4,in_progress
2025-01-09 17:39:00,CHR-105,Project Chronos,reactive,critical,1.3,0.8,2,completed
2025-01-09 19:19:00,CHR-106,Project Chronos,reactive,high,1.0,0.8,2,completed
2025-01-10 09:16:00,CHR-107,Project Chronos,deep_work,low,5.3,0.0,3,pending
2025-01-10 11:57:00,ZEN-103,ZenFlow Mobile v3,strategy,critical,1.3,1.0,3,in_progress
2025-01-10 20:11:00,ZEN-104,ZenFlow Mobile v3,collaboration,high,0.9,0.0,2,pending
2025-01-11 10:34:00,LCM-102,Legacy Cloud Migration,reactive,critical,0.6,1.1,1,completed
2025-01-13 08:52:00,CHR-108,Project Chronos,strategy,medium,3.6,5.4,2,completed
2025-01-13 09:24:00,LCM-103,Legacy Cloud Migration,deep_work,critical,4.8,3.3,4,completed
2025-01-13 11:56:00,NNA-106,Neural Nexus AI,collaboration,high,1.2,0.9,1,completed
2025-01-13 14:46:00,ZEN-105,ZenFlow Mobile v3,strategy,medium,3.7,5.8,3,in_progress
2025-01-13 19:13:00,LCM-104,Legacy Cloud Migration,strategy,medium,1.3,2.5,4,completed
2025-01-14 07:55:00,ACE-102,Aether Core Engine,reactive,low,1.4,1.4,2,in_progress
2025-01-14 14:18:00,LUM-102,Lumina Analytics UI,deep_work,medium,4.1,3.2,5,in_progress
2025-01-14 18:06:00,ACE-103,Aether Core Engine,deep_work,medium,4.0,3.8,3,completed
2025-01-14 18:37:00,ACE-104,Aether Core Engine,deep_work,low,6.5,4.8,3,in_progress
2025-01-14 20:03:00,NNA-107,Neural Nexus AI,reactive,critical,0.5,0.5,1,in_progress
2025-01-15 12:22:00,ZEN-106,ZenFlow Mobile v3,collaboration,high,1.1,1.0,2,completed
2025-01-15 14:20:00,LUM-103,Lumina Analytics UI,strategy,critical,2.2,1.6,4,completed
2025-01-15 16:56:00,ZEN-107,ZenFlow Mobile v3,reactive,medium,1.9,2.9,1,completed
2025-01-16 10:26:00,NNA-108,Neural Nexus AI,deep_work,low,4.0,3.3,3,completed
2025-01-16 11:05:00,NNA-109,Neural Nexus AI,deep_work,medium,3.7,3.7,4,completed
2025-01-16 11:18:00,NNA-110,Neural Nexus AI,collaboration,critical,0.8,0.6,2,completed
2025-01-17 10:37:00,ACE-105,Aether Core Engine,deep_work,low,7.2,8.4,5,completed
2025-01-17 17:35:00,LUM-104,Lumina Analytics UI,deep_work,medium,5.1,8.4,5,in_progress
2025-01-17 18:44:00,LCM-105,Legacy Cloud Migration,deep_work,medium,3.3,3.0,5,completed
2025-01-18 15:13:00,LCM-106,Legacy Cloud Migration,deep_work,high,4.8,3.6,5,completed
2025-01-20 18:48:00,NNA-111,Neural Nexus AI,deep_work,high,3.7,2.4,3,in_progress
2025-01-20 20:44:00,CHR-109,Project Chronos,reactive,high,0.7,1.4,2,completed
2025-01-21 17:13:00,ZEN-108,ZenFlow Mobile v3,deep_work,medium,3.4,2.6,5,completed
2025-01-21 17:25:00,LUM-105,Lumina Analytics UI,collaboration,low,1.0,1.7,1,completed
2025-01-21 17:32:00,LUM-106,Lumina Analytics UI,reactive,medium,1.8,3.1,2,in_progress
2025-01-21 17:43:00,NNA-112,Neural Nexus AI,deep_work,low,6.4,0.0,3,pending
2025-01-22 09:10:00,CHR-110,Project Chronos,collaboration,medium,0.7,0.4,2,completed
2025-01-22 10:39:00,LCM-107,Legacy Cloud Migration,deep_work,high,6.8,6.3,5,completed
2025-01-22 11:09:00,ACE-106,Aether Core Engine,collaboration,medium,2.0,1.7,1,in_progress
2025-01-22 11:26:00,CHR-111,Project Chronos,collaboration,low,1.7,1.6,1,in_progress
2025-01-22 13:54:00,CHR-112,Project Chronos,deep_work,high,5.7,3.5,5,completed
2025-01-22 15:35:00,CHR-113,Project Chronos,collaboration,medium,1.8,1.7,2,in_progress
2025-01-22 16:45:00,NNA-113,Neural Nexus AI,collaboration,medium,0.7,0.7,2,completed
2025-01-22 16:52:00,LUM-107,Lumina Analytics UI,deep_work,medium,4.1,3.6,5,in_progress
2025-01-22 18:24:00,LCM-108,Legacy Cloud Migration,deep_work,high,7.3,5.6,4,in_progress
2025-01-23 09:13:00,ZEN-109,ZenFlow Mobile v3,deep_work,high,4.9,0.0,3,pending
2025-01-23 09:35:00,CHR-114,Project Chronos,deep_work,critical,4.7,4.5,4,in_progress
2025-01-23 13:44:00,NNA-114,Neural Nexus AI,deep_work,medium,7.8,16.5,5,completed
2025-01-23 14:28:00,LCM-109,Legacy Cloud Migration,collaboration,medium,0.9,0.6,3,in_progress
2025-01-23 18:00:00,LUM-108,Lumina Analytics UI,strategy,medium,1.8,1.8,4,completed
2025-01-23 18:09:00,ACE-107,Aether Core Engine,collaboration,medium,1.3,1.8,2,completed
2025-01-23 19:58:00,ZEN-110,ZenFlow Mobile v3,deep_work,high,5.7,9.8,5,completed
2025-01-23 20:16:00,NNA-115,Neural Nexus AI,collaboration,low,0.8,0.0,2,pending
2025-01-24 11:49:00,ACE-108,Aether Core Engine,reactive,medium,1.4,0.9,2,in_progress
2025-01-24 12:04:00,ACE-109,Aether Core Engine,collaboration,medium,1.3,1.1,3,completed
2025-01-24 15:54:00,ACE-110,Aether Core Engine,deep_work,high,5.6,3.8,4,completed
2025-01-24 20:24:00,LUM-109,Lumina Analytics UI,deep_work,medium,5.5,4.0,3,in_progress
2025-01-25 10:15:00,LUM-110,Lumina Analytics UI,deep_work,high,5.3,4.8,5,completed
2025-01-27 10:38:00,ACE-111,Aether Core Engine,collaboration,medium,1.3,2.4,3,completed
2025-01-27 13:18:00,ACE-112,Aether Core Engine,deep_work,medium,6.8,6.0,5,in_progress
2025-01-27 14:36:00,ZEN-111,ZenFlow Mobile v3,reactive,critical,1.9,1.2,2,completed
2025-01-27 14:44:00,NNA-116,Neural Nexus AI,deep_work,high,4.7,3.7,3,completed
2025-01-27 18:05:00,LCM-110,Legacy Cloud Migration,reactive,medium,0.7,0.4,2,completed
2025-01-28 11:58:00,CHR-115,Project Chronos,strategy,low,2.2,2.1,3,in_progress
2025-01-28 16:18:00,CHR-116,Project Chronos,deep_work,medium,4.2,4.2,3,in_progress
2025-01-28 16:18:00,LCM-111,Legacy Cloud Migration,collaboration,medium,1.0,2.0,3,completed
2025-01-28 18:42:00,LUM-111,Lumina Analytics UI,strategy,low,3.9,3.3,4,completed
2025-01-29 09:26:00,ACE-113,Aether Core Engine,collaboration,high,1.1,1.8,2,completed
2025-01-29 09:48:00,NNA-117,Neural Nexus AI,collaboration,medium,1.4,2.8,3,completed
2025-01-29 10:33:00,CHR-117,Project Chronos,reactive,medium,1.4,2.9,1,in_progress
2025-01-29 16:51:00,CHR-118,Project Chronos,reactive,medium,1.8,0.0,2,pending
2025-01-29 18:44:00,ZEN-112,ZenFlow Mobile v3,reactive,medium,1.2,0.0,1,pending
2025-01-29 20:16:00,ZEN-113,ZenFlow Mobile v3,collaboration,critical,1.0,0.8,2,in_progress
2025-01-30 09:54:00,LUM-112,Lumina Analytics UI,collaboration,medium,2.3,1.9,1,completed
2025-01-30 16:41:00,ZEN-114,ZenFlow Mobile v3,deep_work,high,5.4,4.4,4,completed
2025-01-31 09:57:00,NNA-118,Neural Nexus AI,reactive,high,1.7,3.0,2,in_progress
2025-01-31 12:57:00,LUM-113,Lumina Analytics UI,reactive,high,1.5,3.2,1,completed
2025-01-31 13:30:00,CHR-119,Project Chronos,reactive,low,1.8,1.1,1,completed
2025-01-31 15:46:00,LCM-112,Legacy Cloud Migration,reactive,medium,1.3,1.2,1,completed
2025-02-01 09:41:00,ACE-114,Aether Core Engine,reactive,high,0.8,0.6,1,in_progress
2025-02-01 10:54:00,ZEN-115,ZenFlow Mobile v3,deep_work,low,4.1,2.5,3,in_progress
2025-02-03 11:38:00,CHR-120,Project Chronos,collaboration,medium,1.2,2.3,2,completed
2025-02-03 12:08:00,LCM-113,Legacy Cloud Migration,deep_work,high,7.5,6.4,5,completed
2025-02-03 13:24:00,ACE-115,Aether Core Engine,deep_work,medium,3.9,3.3,4,completed
2025-02-03 14:02:00,LCM-114,Legacy Cloud Migration,reactive,high,1.6,1.1,1,completed
2025-02-03 16:09:00,NNA-119,Neural Nexus AI,collaboration,critical,1.0,0.6,1,in_progress
2025-02-03 17:45:00,LUM-114,Lumina Analytics UI,reactive,low,1.5,2.7,2,in_progress
2025-02-03 18:38:00,NNA-120,Neural Nexus AI,deep_work,high,3.4,0.0,5,pending
2025-02-04 16:45:00,LUM-115,Lumina Analytics UI,collaboration,medium,2.5,2.5,2,completed
2025-02-04 17:15:00,ACE-116,Aether Core Engine,reactive,high,1.5,1.9,1,completed
2025-02-05 09:00:00,CHR-121,Project Chronos,deep_work,medium,4.8,4.4,3,completed
2025-02-05 12:22:00,NNA-121,Neural Nexus AI,strategy,high,3.5,3.7,3,completed
2025-02-05 14:24:00,NNA-122,Neural Nexus AI,collaboration,medium,1.2,1.3,3,in_progress
2025-02-05 18:03:00,ACE-117,Aether Core Engine,deep_work,medium,3.6,3.3,4,completed
2025-02-05 20:15:00,NNA-123,Neural Nexus AI,deep_work,critical,7.4,8.4,3,completed
2025-02-06 15:59:00,CHR-122,Project Chronos,deep_work,medium,5.2,0.0,4,pending
2025-02-07 09:11:00,NNA-124,Neural Nexus AI,collaboration,critical,2.4,0.0,1,pending
2025-02-07 11:40:00,LCM-115,Legacy Cloud Migration,collaboration,high,2.1,3.4,3,in_progress
2025-02-07 12:27:00,LUM-116,Lumina Analytics UI,reactive,medium,1.5,2.3,1,in_progress
2025-02-07 14:45:00,LUM-117,Lumina Analytics UI,reactive,high,1.2,2.1,1,completed
2025-02-08 11:40:00,LCM-116,Legacy Cloud Migration,deep_work,medium,4.9,9.8,3,completed
2025-02-09 11:39:00,CHR-123,Project Chronos,reactive,low,1.5,2.4,1,completed
2025-02-10 07:55:00,LCM-117,Legacy Cloud Migration,collaboration,high,0.7,1.1,2,completed
2025-02-10 09:15:00,LUM-118,Lumina Analytics UI,strategy,critical,2.9,4.0,3,completed
2025-02-10 11:27:00,LCM-118,Legacy Cloud Migration,deep_work,high,5.0,6.4,3,completed
2025-02-10 13:34:00,ZEN-116,ZenFlow Mobile v3,collaboration,high,1.6,3.4,1,completed
2025-02-10 14:51:00,CHR-124,Project Chronos,deep_work,critical,7.9,8.2,3,completed
2025-02-10 18:45:00,NNA-125,Neural Nexus AI,strategy,high,2.9,3.0,2,completed
2025-02-11 09:43:00,ZEN-117,ZenFlow Mobile v3,strategy,high,2.9,0.0,2,pending
2025-02-11 14:26:00,LUM-119,Lumina Analytics UI,strategy,medium,3.1,2.8,2,completed
2025-02-11 16:00:00,ACE-118,Aether Core Engine,deep_work,high,7.3,7.7,4,completed
2025-02-11 20:48:00,LUM-120,Lumina Analytics UI,deep_work,medium,3.3,2.9,3,completed
2025-02-12 09:47:00,CHR-125,Project Chronos,collaboration,medium,0.9,0.8,2,completed
2025-02-12 15:01:00,NNA-126,Neural Nexus AI,deep_work,critical,4.2,2.9,4,completed
2025-02-12 15:12:00,ACE-119,Aether Core Engine,deep_work,high,5.1,5.3,5,completed
2025-02-12 17:45:00,LUM-121,Lumina Analytics UI,deep_work,medium,3.7,0.0,5,pending
2025-02-12 20:45:00,NNA-127,Neural Nexus AI,deep_work,high,3.1,3.0,4,completed
2025-02-13 09:37:00,LUM-122,Lumina Analytics UI,deep_work,medium,4.3,3.1,5,completed
2025-02-13 13:39:00,ACE-120,Aether Core Engine,deep_work,medium,6.3,5.2,4,completed
2025-02-14 20:33:00,CHR-126,Project Chronos,collaboration,medium,1.9,2.7,3,in_progress
2025-02-17 14:47:00,NNA-128,Neural Nexus AI,collaboration,critical,1.0,0.7,1,completed
2025-02-17 15:03:00,ZEN-118,ZenFlow Mobile v3,reactive,medium,1.0,0.8,2,completed
2025-02-17 16:53:00,NNA-129,Neural Nexus AI,deep_work,low,3.5,0.0,4,pending
2025-02-17 17:46:00,LUM-123,Lumina Analytics UI,deep_work,medium,3.4,2.2,4,in_progress
2025-02-17 19:40:00,ZEN-119,ZenFlow Mobile v3,reactive,high,1.8,1.3,1,in_progress
2025-02-17 19:59:00,LCM-119,Legacy Cloud Migration,strategy,critical,2.0,1.9,4,completed
2025-02-18 15:34:00,LUM-124,Lumina Analytics UI,collaboration,high,0.8,0.7,2,completed
2025-02-18 17:14:00,LUM-125,Lumina Analytics UI,reactive,critical,0.9,0.8,1,completed
2025-02-18 17:44:00,NNA-130,Neural Nexus AI,deep_work,high,6.2,5.9,4,completed
2025-02-18 17:46:00,CHR-127,Project Chronos,reactive,low,1.2,0.9,1,in_progress
2025-02-19 16:09:00,ZEN-120,ZenFlow Mobile v3,deep_work,medium,6.9,6.1,5,in_progress
2025-02-20 07:33:00,ZEN-121,ZenFlow Mobile v3,deep_work,high,6.0,12.4,3,completed
2025-02-20 10:46:00,ZEN-122,ZenFlow Mobile v3,deep_work,high,3.9,2.4,4,in_progress
2025-02-20 11:25:00,LUM-126,Lumina Analytics UI,reactive,medium,1.8,0.0,2,pending
2025-02-20 14:02:00,LUM-127,Lumina Analytics UI,collaboration,medium,1.0,1.8,2,completed
2025-02-20 14:21:00,ZEN-123,ZenFlow Mobile v3,reactive,high,0.8,1.7,2,completed
2025-02-20 14:47:00,CHR-128,Project Chronos,strategy,low,3.9,4.6,4,in_progress
2025-02-20 15:14:00,ZEN-124,ZenFlow Mobile v3,deep_work,high,7.8,7.4,4,completed
2025-02-20 16:45:00,ZEN-125,ZenFlow Mobile v3,collaboration,high,1.8,1.3,2,completed
2025-02-21 09:54:00,NNA-131,Neural Nexus AI,reactive,medium,1.2,2.2,1,in_progress
2025-02-22 11:57:00,NNA-132,Neural Nexus AI,deep_work,high,4.7,3.2,3,completed
2025-02-22 19:11:00,NNA-133,Neural Nexus AI,collaboration,critical,1.9,4.0,1,in_progress
2025-02-23 10:23:00,LUM-128,Lumina Analytics UI,deep_work,medium,6.8,13.3,3,in_progress
2025-02-24 10:40:00,ACE-121,Aether Core Engine,deep_work,high,8.0,7.1,4,completed
2025-02-24 12:07:00,ACE-122,Aether Core Engine,reactive,low,0.8,0.6,2,completed
2025-02-24 15:09:00,NNA-134,Neural Nexus AI,deep_work,high,3.4,2.5,3,completed
2025-02-25 09:52:00,NNA-135,Neural Nexus AI,strategy,critical,3.1,2.0,4,completed
2025-02-25 19:21:00,ACE-123,Aether Core Engine,deep_work,medium,7.9,8.2,3,in_progress
2025-02-26 18:14:00,CHR-129,Project Chronos,deep_work,low,4.8,4.9,5,completed
2025-02-26 19:26:00,NNA-136,Neural Nexus AI,collaboration,high,0.6,0.6,1,completed
2025-02-27 09:01:00,ACE-124,Aether Core Engine,deep_work,high,3.1,2.8,3,completed
2025-02-27 09:58:00,NNA-137,Neural Nexus AI,collaboration,critical,0.8,0.8,2,in_progress
2025-02-27 10:21:00,NNA-138,Neural Nexus AI,collaboration,low,1.3,1.6,3,completed
2025-02-27 12:34:00,LCM-120,Legacy Cloud Migration,deep_work,medium,7.0,13.5,3,completed
2025-02-27 17:39:00,ZEN-126,ZenFlow Mobile v3,deep_work,high,4.7,4.4,4,completed
2025-03-01 09:16:00,ZEN-127,ZenFlow Mobile v3,deep_work,medium,6.4,5.2,5,completed
2025-03-02 09:06:00,ZEN-128,ZenFlow Mobile v3,deep_work,medium,3.5,7.5,4,completed
2025-03-03 11:31:00,ZEN-129,ZenFlow Mobile v3,deep_work,high,7.5,5.5,3,completed
2025-03-03 16:24:00,ACE-125,Aether Core Engine,collaboration,high,2.1,2.2,1,in_progress
2025-03-03 16:33:00,LUM-129,Lumina Analytics UI,deep_work,medium,3.2,4.6,4,in_progress
2025-03-03 20:04:00,ZEN-130,ZenFlow Mobile v3,deep_work,critical,6.5,4.9,4,completed
2025-03-04 10:02:00,ACE-126,Aether Core Engine,deep_work,medium,7.8,6.8,3,completed
2025-03-04 10:55:00,ZEN-131,ZenFlow Mobile v3,reactive,medium,1.7,2.5,2,completed
2025-03-04 13:58:00,LCM-121,Legacy Cloud Migration,collaboration,critical,1.1,2.0,1,completed
2025-03-04 20:22:00,ACE-127,Aether Core Engine,deep_work,critical,5.2,4.5,4,completed
2025-03-04 20:41:00,LUM-130,Lumina Analytics UI,collaboration,low,2.0,1.2,2,in_progress
2025-03-05 09:00:00,ACE-128,Aether Core Engine,deep_work,high,8.0,9.3,5,in_progress
2025-03-05 09:02:00,ZEN-132,ZenFlow Mobile v3,collaboration,critical,2.4,2.1,1,in_progress
2025-03-05 10:01:00,CHR-130,Project Chronos,deep_work,medium,3.5,2.1,3,completed
2025-03-05 10:27:00,LCM-122,Legacy Cloud Migration,reactive,medium,1.4,2.8,1,in_progress
2025-03-05 12:13:00,LCM-123,Legacy Cloud Migration,deep_work,low,4.4,6.6,4,completed
2025-03-05 14:31:00,ZEN-133,ZenFlow Mobile v3,collaboration,low,1.1,2.2,2,in_progress
2025-03-05 17:14:00,CHR-131,Project Chronos,deep_work,medium,6.4,6.1,3,in_progress
2025-03-05 20:29:00,ZEN-134,ZenFlow Mobile v3,deep_work,critical,3.2,2.4,4,completed
2025-03-06 07:22:00,LUM-131,Lumina Analytics UI,collaboration,medium,1.8,3.1,2,completed
2025-03-06 12:01:00,LCM-124,Legacy Cloud Migration,deep_work,high,6.5,10.3,4,in_progress
2025-03-06 12:31:00,ACE-129,Aether Core Engine,deep_work,low,3.8,2.3,5,in_progress
2025-03-06 15:17:00,LUM-132,Lumina Analytics UI,collaboration,low,1.1,0.0,3,pending
2025-03-07 12:01:00,CHR-132,Project Chronos,collaboration,high,1.9,1.5,3,completed
2025-03-07 13:16:00,ACE-130,Aether Core Engine,deep_work,medium,7.9,8.0,3,completed
2025-03-07 14:58:00,LCM-125,Legacy Cloud Migration,deep_work,medium,6.2,5.2,3,completed
2025-03-07 15:35:00,CHR-133,Project Chronos,reactive,medium,1.3,1.6,2,completed
2025-03-07 18:51:00,NNA-139,Neural Nexus AI,deep_work,medium,3.3,5.9,4,completed
2025-03-09 13:32:00,ACE-131,Aether Core Engine,deep_work,low,7.3,5.7,5,completed
2025-03-09 13:42:00,CHR-134,Project Chronos,collaboration,critical,2.3,2.0,1,in_progress
2025-03-10 11:09:00,ZEN-135,ZenFlow Mobile v3,strategy,high,1.2,0.9,3,completed
2025-03-10 12:13:00,CHR-135,Project Chronos,collaboration,high,0.9,0.9,1,completed
2025-03-10 13:32:00,ACE-132,Aether Core Engine,collaboration,medium,1.2,1.0,2,in_progress
2025-03-10 17:32:00,LUM-133,Lumina Analytics UI,deep_work,low,6.9,0.0,3,pending
2025-03-10 17:42:00,ZEN-136,ZenFlow Mobile v3,deep_work,medium,5.3,7.5,5,in_progress
2025-03-11 15:13:00,NNA-140,Neural Nexus AI,reactive,medium,1.0,0.8,2,completed
2025-03-11 18:11:00,LUM-134,Lumina Analytics UI,collaboration,high,1.6,1.6,2,completed
2025-03-12 09:41:00,ZEN-137,ZenFlow Mobile v3,collaboration,high,1.9,1.7,3,in_progress
2025-03-12 09:51:00,ZEN-138,ZenFlow Mobile v3,collaboration,medium,0.9,0.5,3,completed
2025-03-12 20:32:00,LCM-126,Legacy Cloud Migration,collaboration,critical,2.1,1.6,3,in_progress
2025-03-13 13:53:00,CHR-136,Project Chronos,deep_work,medium,3.0,2.6,5,in_progress
2025-03-13 17:16:00,NNA-141,Neural Nexus AI,reactive,medium,0.9,0.0,1,pending
2025-03-14 10:40:00,LUM-135,Lumina Analytics UI,strategy,low,3.8,0.0,4,pending
2025-03-14 11:11:00,LCM-127,Legacy Cloud Migration,deep_work,medium,6.8,4.4,4,completed
2025-03-14 13:54:00,LUM-136,Lumina Analytics UI,collaboration,high,0.7,0.6,2,completed
2025-03-14 19:38:00,CHR-137,Project Chronos,deep_work,medium,3.8,2.7,3,in_progress
2025-03-15 10:24:00,NNA-142,Neural Nexus AI,deep_work,high,7.4,5.2,4,completed
2025-03-17 11:13:00,ACE-133,Aether Core Engine,collaboration,medium,2.5,2.5,1,completed
2025-03-17 13:28:00,LUM-137,Lumina Analytics UI,deep_work,medium,4.5,4.6,4,in_progress
2025-03-17 16:44:00,LUM-138,Lumina Analytics UI,collaboration,medium,1.5,0.0,2,pending
2025-03-17 20:13:00,LCM-128,Legacy Cloud Migration,strategy,medium,3.6,2.7,2,completed
2025-03-17 20:51:00,ZEN-139,ZenFlow Mobile v3,deep_work,high,5.2,5.0,5,completed
2025-03-18 10:16:00,CHR-138,Project Chronos,reactive,critical,1.6,3.0,1,in_progress
2025-03-18 12:14:00,CHR-139,Project Chronos,reactive,high,1.2,2.4,2,in_progress
2025-03-18 13:10:00,ACE-134,Aether Core Engine,reactive,critical,0.6,0.0,1,pending
2025-03-18 13:10:00,LUM-139,Lumina Analytics UI,reactive,low,1.2,2.0,2,completed
2025-03-18 18:02:00,LCM-129,Legacy Cloud Migration,strategy,critical,1.4,1.9,2,completed
2025-03-18 18:13:00,CHR-140,Project Chronos,deep_work,medium,7.5,5.7,4,in_progress
2025-03-18 20:34:00,CHR-141,Project Chronos,deep_work,low,6.1,6.0,3,completed
2025-03-19 09:01:00,CHR-142,Project Chronos,collaboration,low,1.8,2.2,3,in_progress
2025-03-19 13:28:00,NNA-143,Neural Nexus AI,collaboration,high,1.7,1.2,3,completed
2025-03-19 20:00:00,ZEN-140,ZenFlow Mobile v3,collaboration,high,0.6,0.7,3,in_progress
2025-03-20 11:25:00,NNA-144,Neural Nexus AI,deep_work,high,4.2,2.9,5,in_progress
2025-03-20 12:30:00,LCM-130,Legacy Cloud Migration,deep_work,high,3.4,3.4,3,completed
2025-03-20 13:34:00,LUM-140,Lumina Analytics UI,deep_work,low,7.5,11.7,3,in_progress
2025-03-21 11:33:00,CHR-143,Project Chronos,deep_work,high,5.9,4.3,3,completed
2025-03-21 11:37:00,ACE-135,Aether Core Engine,reactive,low,1.0,1.2,1,in_progress
2025-03-24 09:14:00,ACE-136,Aether Core Engine,deep_work,high,5.4,8.0,5,completed
2025-03-24 09:22:00,CHR-144,Project Chronos,collaboration,high,0.6,1.0,3,in_progress
2025-03-24 09:29:00,ZEN-141,ZenFlow Mobile v3,deep_work,high,3.2,3.2,5,completed
2025-03-24 09:32:00,ACE-137,Aether Core Engine,collaboration,medium,0.6,1.1,1,completed
2025-03-24 12:13:00,NNA-145,Neural Nexus AI,reactive,low,1.6,0.0,1,pending
2025-03-24 17:55:00,LUM-141,Lumina Analytics UI,reactive,medium,1.6,1.3,2,in_progress
2025-03-25 09:22:00,ACE-138,Aether Core Engine,collaboration,low,1.4,0.0,2,pending
2025-03-25 10:21:00,NNA-146,Neural Nexus AI,strategy,high,3.1,3.1,4,in_progress
2025-03-25 15:38:00,CHR-145,Project Chronos,collaboration,high,2.4,2.3,2,completed
2025-03-26 09:22:00,NNA-147,Neural Nexus AI,deep_work,high,7.3,13.8,4,completed
2025-03-26 09:59:00,ZEN-142,ZenFlow Mobile v3,reactive,high,0.8,1.3,1,completed
2025-03-26 15:11:00,ACE-139,Aether Core Engine,collaboration,high,1.0,0.7,3,completed
2025-03-26 16:35:00,ACE-140,Aether Core Engine,deep_work,critical,4.2,3.5,5,completed
2025-03-26 18:07:00,ZEN-143,ZenFlow Mobile v3,collaboration,medium,2.4,0.0,2,pending
2025-03-26 18:12:00,CHR-146,Project Chronos,reactive,medium,1.2,2.3,2,in_progress
2025-03-27 10:45:00,ACE-141,Aether Core Engine,deep_work,medium,7.7,7.8,5,completed
2025-03-27 11:22:00,ZEN-144,ZenFlow Mobile v3,deep_work,high,6.5,4.0,5,completed
2025-03-27 11:23:00,NNA-148,Neural Nexus AI,collaboration,medium,1.8,1.3,1,in_progress
2025-03-27 15:09:00,ACE-142,Aether Core Engine,deep_work,high,3.9,7.1,3,completed
2025-03-27 17:16:00,NNA-149,Neural Nexus AI,strategy,medium,2.7,1.7,3,completed
2025-03-27 20:24:00,NNA-150,Neural Nexus AI,deep_work,high,4.4,4.2,4,in_progress
2025-03-28 09:19:00,CHR-147,Project Chronos,collaboration,critical,1.9,2.8,2,completed
2025-03-28 10:05:00,NNA-151,Neural Nexus AI,collaboration,medium,1.7,1.2,3,completed
2025-03-28 10:28:00,ACE-143,Aether Core Engine,collaboration,critical,2.1,1.9,2,completed
2025-03-28 10:37:00,LUM-142,Lumina Analytics UI,collaboration,low,1.5,1.1,2,in_progress
2025-03-28 13:15:00,ACE-144,Aether Core Engine,deep_work,high,4.8,3.4,3,completed
2025-03-28 18:56:00,CHR-148,Project Chronos,deep_work,medium,3.4,6.3,5,completed
2025-03-31 09:34:00,ACE-145,Aether Core Engine,strategy,high,2.7,2.2,3,completed
2025-03-31 11:57:00,ACE-146,Aether Core Engine,deep_work,critical,3.6,0.0,4,pending
2025-03-31 13:35:00,LUM-143,Lumina Analytics UI,deep_work,low,3.1,3.1,4,completed
2025-03-31 16:55:00,CHR-149,Project Chronos,collaboration,low,0.6,0.0,3,pending
2025-03-31 20:35:00,ACE-147,Aether Core Engine,strategy,high,1.4,1.2,4,in_progress
2025-04-01 09:13:00,LCM-131,Legacy Cloud Migration,collaboration,high,1.3,1.6,3,completed
2025-04-01 11:30:00,NNA-152,Neural Nexus AI,reactive,medium,1.1,1.1,2,in_progress
2025-04-01 12:45:00,LUM-144,Lumina Analytics UI,reactive,medium,1.2,1.8,2,in_progress
2025-04-01 13:11:00,ZEN-145,ZenFlow Mobile v3,collaboration,medium,1.8,3.7,1,completed
2025-04-01 14:07:00,ZEN-146,ZenFlow Mobile v3,strategy,high,2.7,1.8,3,completed
2025-04-03 10:47:00,ACE-148,Aether Core Engine,collaboration,medium,1.5,1.1,3,completed
2025-04-03 10:59:00,CHR-150,Project Chronos,collaboration,medium,0.7,0.9,2,completed
2025-04-03 12:26:00,ZEN-147,ZenFlow Mobile v3,deep_work,low,4.0,2.9,4,completed
2025-04-03 14:14:00,ACE-149,Aether Core Engine,strategy,low,3.1,3.2,3,completed
2025-04-03 15:49:00,ACE-150,Aether Core Engine,deep_work,high,4.6,3.3,5,completed
2025-04-04 11:11:00,LCM-132,Legacy Cloud Migration,deep_work,medium,3.8,8.2,4,completed
2025-04-04 13:58:00,LUM-145,Lumina Analytics UI,collaboration,high,0.7,0.9,1,completed
2025-04-07 10:59:00,NNA-153,Neural Nexus AI,collaboration,critical,1.4,2.1,2,completed
2025-04-07 12:48:00,ZEN-148,ZenFlow Mobile v3,deep_work,medium,8.0,0.0,3,pending
2025-04-07 15:08:00,LCM-133,Legacy Cloud Migration,deep_work,critical,4.6,5.5,5,completed
2025-04-07 18:26:00,LCM-134,Legacy Cloud Migration,deep_work,high,6.6,4.7,4,completed
2025-04-07 20:43:00,ZEN-149,ZenFlow Mobile v3,deep_work,medium,3.8,2.7,4,completed
2025-04-08 09:37:00,LCM-135,Legacy Cloud Migration,strategy,critical,2.7,2.2,2,completed
2025-04-08 20:50:00,LCM-136,Legacy Cloud Migration,reactive,high,0.8,0.8,1,completed
2025-04-09 07:11:00,ZEN-150,ZenFlow Mobile v3,collaboration,medium,1.5,0.0,3,pending
2025-04-09 10:13:00,CHR-151,Project Chronos,deep_work,medium,5.7,4.2,4,completed
2025-04-09 11:12:00,NNA-154,Neural Nexus AI,deep_work,medium,5.2,11.0,5,in_progress
2025-04-09 12:57:00,NNA-155,Neural Nexus AI,deep_work,high,4.3,4.4,4,completed
2025-04-09 14:09:00,ZEN-151,ZenFlow Mobile v3,collaboration,high,2.2,4.7,3,in_progress
2025-04-09 17:07:00,ACE-151,Aether Core Engine,reactive,low,1.6,1.0,1,completed
2025-04-09 18:36:00,ACE-152,Aether Core Engine,deep_work,medium,7.6,6.8,5,completed
2025-04-09 18:37:00,LUM-146,Lumina Analytics UI,deep_work,critical,5.0,3.4,4,completed
2025-04-10 11:23:00,LCM-137,Legacy Cloud Migration,deep_work,high,6.6,6.7,4,completed
2025-04-10 14:17:00,ZEN-152,ZenFlow Mobile v3,collaboration,critical,0.9,0.9,2,completed
2025-04-10 16:37:00,CHR-152,Project Chronos,deep_work,high,6.0,6.0,3,in_progress
2025-04-10 17:19:00,CHR-153,Project Chronos,collaboration,medium,1.1,0.0,1,pending
2025-04-11 09:25:00,NNA-156,Neural Nexus AI,reactive,medium,1.9,3.8,1,completed
2025-04-11 10:37:00,LCM-138,Legacy Cloud Migration,collaboration,medium,1.0,0.7,3,completed
2025-04-11 15:50:00,LUM-147,Lumina Analytics UI,strategy,medium,3.7,2.5,3,completed
2025-04-12 09:38:00,ACE-153,Aether Core Engine,collaboration,medium,2.3,1.8,2,in_progress
2025-04-12 18:18:00,ACE-154,Aether Core Engine,collaboration,critical,1.5,1.4,2,in_progress
2025-04-14 12:27:00,LUM-148,Lumina Analytics UI,collaboration,critical,1.3,1.5,2,completed
2025-04-14 16:50:00,ACE-155,Aether Core Engine,deep_work,high,4.2,3.4,5,completed
2025-04-14 17:11:00,NNA-157,Neural Nexus AI,deep_work,low,3.4,5.7,4,in_progress
2025-04-15 15:05:00,LUM-149,Lumina Analytics UI,reactive,high,1.5,2.3,1,completed
2025-04-15 19:24:00,CHR-154,Project Chronos,collaboration,low,1.9,0.0,2,pending
2025-04-15 19:48:00,ZEN-153,ZenFlow Mobile v3,reactive,medium,1.4,0.0,1,pending
2025-04-16 12:50:00,LCM-139,Legacy Cloud Migration,reactive,medium,0.7,1.5,2,in_progress
2025-04-16 13:31:00,LCM-140,Legacy Cloud Migration,deep_work,critical,3.3,6.3,5,completed
2025-04-16 14:10:00,LCM-141,Legacy Cloud Migration,reactive,high,1.3,0.9,2,completed
2025-04-17 13:07:00,LCM-142,Legacy Cloud Migration,deep_work,medium,3.5,3.3,3,in_progress
2025-04-17 14:00:00,ZEN-154,ZenFlow Mobile v3,deep_work,high,4.0,3.2,3,in_progress
2025-04-17 14:44:00,ZEN-155,ZenFlow Mobile v3,collaboration,high,1.9,1.7,1,completed
2025-04-17 16:24:00,CHR-155,Project Chronos,deep_work,high,3.8,3.3,3,completed
2025-04-17 18:28:00,LCM-143,Legacy Cloud Migration,collaboration,high,2.5,2.4,1,completed
2025-04-18 09:01:00,NNA-158,Neural Nexus AI,deep_work,high,7.3,7.0,3,completed
2025-04-20 11:17:00,LCM-144,Legacy Cloud Migration,collaboration,medium,1.9,1.2,3,completed
2025-04-20 13:27:00,LCM-145,Legacy Cloud Migration,reactive,high,0.7,1.4,1,completed
2025-04-21 13:39:00,NNA-159,Neural Nexus AI,deep_work,medium,7.8,7.8,3,completed
2025-04-21 20:18:00,CHR-156,Project Chronos,reactive,medium,1.3,1.2,1,completed
2025-04-22 09:03:00,ACE-156,Aether Core Engine,strategy,medium,3.4,2.1,4,in_progress
2025-04-22 11:20:00,LUM-150,Lumina Analytics UI,reactive,high,1.6,2.8,1,completed
2025-04-22 12:24:00,NNA-160,Neural Nexus AI,reactive,high,1.9,1.7,1,completed
2025-04-22 18:04:00,ZEN-156,ZenFlow Mobile v3,deep_work,critical,5.9,4.7,3,in_progress
2025-04-22 18:54:00,ZEN-157,ZenFlow Mobile v3,collaboration,medium,1.4,1.1,2,in_progress
2025-04-22 19:30:00,NNA-161,Neural Nexus AI,deep_work,medium,4.7,0.0,3,pending
2025-04-22 20:33:00,ACE-157,Aether Core Engine,collaboration,medium,1.0,1.8,2,in_progress
2025-04-22 20:35:00,CHR-157,Project Chronos,reactive,low,1.1,0.0,2,pending
2025-04-23 15:10:00,LCM-146,Legacy Cloud Migration,collaboration,critical,0.9,1.7,2,completed
2025-04-24 09:19:00,CHR-158,Project Chronos,strategy,critical,3.8,3.7,4,completed
2025-04-25 10:11:00,NNA-162,Neural Nexus AI,deep_work,critical,5.6,6.9,3,in_progress
2025-04-25 12:05:00,NNA-163,Neural Nexus AI,deep_work,medium,7.7,6.4,4,in_progress
2025-04-25 17:39:00,CHR-159,Project Chronos,deep_work,critical,6.3,5.7,5,completed
2025-04-25 20:58:00,LCM-147,Legacy Cloud Migration,deep_work,medium,6.7,12.2,5,completed
2025-04-26 10:15:00,LCM-148,Legacy Cloud Migration,reactive,critical,1.2,1.9,2,completed
2025-04-26 11:17:00,ACE-158,Aether Core Engine,deep_work,medium,3.8,7.2,3,completed
2025-04-28 17:30:00,NNA-164,Neural Nexus AI,reactive,critical,1.3,2.1,1,completed
2025-04-28 17:49:00,ACE-159,Aether Core Engine,strategy,high,1.5,1.0,4,in_progress
2025-04-28 19:17:00,ACE-160,Aether Core Engine,collaboration,medium,1.2,2.3,3,completed
2025-04-28 20:52:00,CHR-160,Project Chronos,reactive,medium,1.6,2.6,1,completed
2025-04-29 09:26:00,LCM-149,Legacy Cloud Migration,strategy,high,3.6,2.2,3,completed
2025-04-29 12:28:00,NNA-165,Neural Nexus AI,deep_work,high,6.9,7.6,5,completed
2025-04-29 19:16:00,NNA-166,Neural Nexus AI,deep_work,high,6.1,4.7,4,completed
2025-04-29 20:01:00,LUM-151,Lumina Analytics UI,deep_work,high,3.1,3.0,3,completed
2025-04-30 09:08:00,ACE-161,Aether Core Engine,collaboration,medium,2.2,3.2,2,completed
2025-04-30 16:49:00,CHR-161,Project Chronos,deep_work,low,7.6,5.9,3,completed
2025-04-30 17:18:00,CHR-162,Project Chronos,collaboration,critical,2.2,0.0,2,pending
2025-04-30 20:02:00,LUM-152,Lumina Analytics UI,collaboration,medium,1.2,0.7,2,completed
2025-05-01 18:33:00,NNA-167,Neural Nexus AI,deep_work,high,4.6,0.0,5,pending
2025-05-01 18:56:00,LUM-153,Lumina Analytics UI,deep_work,high,6.3,0.0,3,pending
2025-05-02 09:28:00,LCM-150,Legacy Cloud Migration,strategy,high,2.9,2.6,2,completed
2025-05-02 11:25:00,CHR-163,Project Chronos,deep_work,medium,7.9,7.5,4,completed
2025-05-03 09:48:00,NNA-168,Neural Nexus AI,reactive,high,1.7,2.9,1,completed
2025-05-03 11:55:00,LCM-151,Legacy Cloud Migration,reactive,low,0.7,1.1,2,completed
2025-05-03 18:03:00,ACE-162,Aether Core Engine,reactive,medium,0.5,0.8,1,completed
2025-05-03 19:14:00,ACE-163,Aether Core Engine,deep_work,high,3.9,6.8,3,in_progress
2025-05-05 13:08:00,NNA-169,Neural Nexus AI,reactive,critical,0.7,1.0,2,completed
2025-05-05 13:16:00,LUM-154,Lumina Analytics UI,deep_work,critical,5.1,4.7,5,in_progress
2025-05-05 16:54:00,ACE-164,Aether Core Engine,reactive,medium,0.9,0.7,2,completed
2025-05-06 12:15:00,LUM-155,Lumina Analytics UI,collaboration,medium,0.7,0.5,2,in_progress
2025-05-07 09:48:00,ACE-165,Aether Core Engine,deep_work,critical,7.9,5.7,4,completed
2025-05-07 11:26:00,NNA-170,Neural Nexus AI,deep_work,medium,4.4,2.6,5,completed
2025-05-07 14:38:00,CHR-164,Project Chronos,deep_work,medium,6.8,12.7,5,in_progress
2025-05-07 17:57:00,LUM-156,Lumina Analytics UI,deep_work,high,7.1,6.7,5,completed
2025-05-08 17:36:00,ZEN-158,ZenFlow Mobile v3,collaboration,medium,1.1,1.7,1,in_progress
2025-05-09 10:04:00,CHR-165,Project Chronos,deep_work,medium,3.4,6.3,5,completed
2025-05-09 13:24:00,LUM-157,Lumina Analytics UI,reactive,low,1.5,0.0,2,pending
2025-05-09 20:49:00,ACE-166,Aether Core Engine,strategy,medium,3.7,7.0,3,completed
2025-05-10 15:35:00,ACE-167,Aether Core Engine,deep_work,low,5.2,8.0,3,completed
2025-05-12 08:45:00,CHR-166,Project Chronos,strategy,low,3.0,6.1,3,in_progress
2025-05-12 11:54:00,LCM-152,Legacy Cloud Migration,deep_work,low,7.3,5.9,3,completed
2025-05-12 16:22:00,NNA-171,Neural Nexus AI,deep_work,critical,5.7,4.0,3,completed
2025-05-12 17:19:00,LUM-158,Lumina Analytics UI,collaboration,low,0.7,0.5,3,in_progress
2025-05-12 20:56:00,CHR-167,Project Chronos,deep_work,high,5.2,4.6,3,completed
2025-05-13 08:03:00,LCM-153,Legacy Cloud Migration,deep_work,medium,3.9,4.3,3,completed
2025-05-13 17:00:00,ACE-168,Aether Core Engine,deep_work,high,8.0,0.0,4,pending
2025-05-13 18:19:00,ZEN-159,ZenFlow Mobile v3,deep_work,medium,7.2,8.9,3,in_progress
2025-05-13 19:38:00,LUM-159,Lumina Analytics UI,reactive,low,0.7,1.3,1,in_progress
2025-05-14 09:32:00,NNA-172,Neural Nexus AI,collaboration,critical,1.7,1.3,3,completed
2025-05-14 09:51:00,CHR-168,Project Chronos,deep_work,high,4.5,4.0,5,completed
2025-05-14 10:03:00,NNA-173,Neural Nexus AI,deep_work,critical,3.4,2.1,3,in_progress
2025-05-14 11:07:00,CHR-169,Project Chronos,reactive,low,1.0,2.0,2,completed
2025-05-15 16:21:00,NNA-174,Neural Nexus AI,collaboration,high,2.0,1.8,3,in_progress
2025-05-15 17:27:00,CHR-170,Project Chronos,collaboration,medium,2.1,0.0,2,pending
2025-05-15 17:53:00,LCM-154,Legacy Cloud Migration,deep_work,high,3.7,5.8,4,completed
2025-05-15 18:48:00,CHR-171,Project Chronos,deep_work,medium,4.2,3.6,3,in_progress
2025-05-16 09:30:00,ACE-169,Aether Core Engine,deep_work,medium,5.5,4.6,3,completed
2025-05-16 10:41:00,NNA-175,Neural Nexus AI,collaboration,critical,1.2,2.1,1,in_progress
2025-05-16 11:16:00,NNA-176,Neural Nexus AI,deep_work,low,4.7,4.4,4,completed
2025-05-16 11:44:00,NNA-177,Neural Nexus AI,deep_work,critical,6.2,12.1,5,completed
2025-05-16 17:30:00,CHR-172,Project Chronos,deep_work,critical,5.2,3.4,3,completed
2025-05-19 09:40:00,LCM-155,Legacy Cloud Migration,collaboration,high,1.5,0.0,1,pending
2025-05-19 11:58:00,ZEN-160,ZenFlow Mobile v3,deep_work,low,3.3,0.0,4,pending
2025-05-19 12:22:00,ZEN-161,ZenFlow Mobile v3,collaboration,low,1.5,2.7,2,completed
2025-05-19 12:44:00,ACE-170,Aether Core Engine,deep_work,medium,6.2,9.9,4,completed
2025-05-19 12:52:00,LCM-156,Legacy Cloud Migration,deep_work,high,3.4,2.5,3,completed
2025-05-19 16:45:00,LUM-160,Lumina Analytics UI,strategy,medium,3.9,3.7,4,in_progress
2025-05-19 17:15:00,CHR-173,Project Chronos,collaboration,medium,0.5,0.4,1,completed
2025-05-19 17:44:00,ZEN-162,ZenFlow Mobile v3,deep_work,medium,7.2,5.0,3,in_progress
2025-05-20 09:29:00,CHR-174,Project Chronos,collaboration,medium,2.0,1.6,1,completed
2025-05-20 13:30:00,CHR-175,Project Chronos,collaboration,medium,1.5,0.0,2,pending
2025-05-20 14:48:00,LUM-161,Lumina Analytics UI,deep_work,high,5.5,5.1,4,completed
2025-05-20 16:42:00,CHR-176,Project Chronos,collaboration,medium,1.3,2.0,1,completed
2025-05-20 19:51:00,LCM-157,Legacy Cloud Migration,strategy,medium,1.9,1.4,4,in_progress
2025-05-21 09:56:00,NNA-178,Neural Nexus AI,deep_work,critical,3.6,2.8,5,completed
2025-05-21 10:38:00,LUM-162,Lumina Analytics UI,deep_work,high,4.5,3.0,3,completed
2025-05-21 11:01:00,NNA-179,Neural Nexus AI,deep_work,medium,7.0,15.0,5,completed
2025-05-21 12:24:00,LUM-163,Lumina Analytics UI,collaboration,critical,1.1,0.8,2,completed
2025-05-21 14:07:00,LCM-158,Legacy Cloud Migration,collaboration,critical,1.1,1.0,3,completed
2025-05-21 16:32:00,CHR-177,Project Chronos,deep_work,medium,5.9,4.1,4,completed
2025-05-21 19:28:00,LUM-164,Lumina Analytics UI,deep_work,high,3.7,2.8,5,completed
2025-05-21 20:34:00,NNA-180,Neural Nexus AI,reactive,critical,1.5,1.1,2,completed
2025-05-22 13:04:00,LCM-159,Legacy Cloud Migration,deep_work,high,6.5,10.8,3,completed
2025-05-22 14:32:00,LUM-165,Lumina Analytics UI,reactive,medium,0.9,0.8,2,completed
2025-05-22 15:09:00,LCM-160,Legacy Cloud Migration,reactive,critical,1.5,2.4,2,completed
2025-05-22 17:39:00,ACE-171,Aether Core Engine,strategy,high,3.4,3.4,3,in_progress
2025-05-22 18:55:00,ACE-172,Aether Core Engine,deep_work,high,4.4,3.3,4,in_progress
2025-05-22 20:54:00,LCM-161,Legacy Cloud Migration,collaboration,medium,1.1,1.0,1,in_progress
2025-05-23 17:43:00,ZEN-163,ZenFlow Mobile v3,collaboration,high,1.2,1.6,1,in_progress
2025-05-24 10:24:00,CHR-178,Project Chronos,deep_work,medium,7.9,6.9,5,completed
2025-05-24 11:50:00,CHR-179,Project Chronos,collaboration,medium,1.0,2.2,3,in_progress
2025-05-24 13:49:00,LUM-166,Lumina Analytics UI,deep_work,low,4.2,2.8,3,completed
2025-05-26 09:19:00,NNA-181,Neural Nexus AI,collaboration,high,1.0,0.7,1,completed
2025-05-26 17:05:00,LUM-167,Lumina Analytics UI,collaboration,medium,0.6,0.5,1,completed
2025-05-27 13:49:00,CHR-180,Project Chronos,collaboration,high,2.1,0.0,2,pending
2025-05-27 18:24:00,ACE-173,Aether Core Engine,deep_work,high,3.8,3.4,5,completed
2025-05-27 18:27:00,LUM-168,Lumina Analytics UI,strategy,critical,1.0,0.8,2,in_progress
2025-05-27 18:44:00,LUM-169,Lumina Analytics UI,deep_work,high,5.4,3.8,4,completed
2025-05-28 08:44:00,LUM-170,Lumina Analytics UI,reactive,high,0.6,0.5,2,completed
2025-05-28 11:17:00,LCM-162,Legacy Cloud Migration,deep_work,high,5.7,3.9,5,completed
2025-05-28 14:08:00,ACE-174,Aether Core Engine,collaboration,medium,1.7,1.7,1,completed
2025-05-28 14:32:00,LUM-171,Lumina Analytics UI,collaboration,medium,1.7,3.0,3,completed
2025-05-28 14:55:00,LUM-172,Lumina Analytics UI,deep_work,low,3.2,2.2,3,in_progress
2025-05-29 11:44:00,CHR-181,Project Chronos,deep_work,low,6.8,9.8,5,completed
2025-05-29 13:01:00,LUM-173,Lumina Analytics UI,deep_work,low,4.1,0.0,4,pending
2025-05-29 13:32:00,LCM-163,Legacy Cloud Migration,strategy,high,2.3,4.6,2,completed
2025-05-29 20:24:00,LUM-174,Lumina Analytics UI,collaboration,medium,1.7,2.2,1,completed
2025-05-30 09:01:00,LCM-164,Legacy Cloud Migration,deep_work,low,5.6,4.1,3,in_progress
2025-05-30 09:47:00,ZEN-164,ZenFlow Mobile v3,deep_work,high,5.3,3.7,4,completed
2025-05-30 13:41:00,CHR-182,Project Chronos,deep_work,high,6.6,5.2,4,completed
2025-05-30 17:50:00,CHR-183,Project Chronos,strategy,high,3.4,2.5,2,completed
2025-05-31 12:50:00,NNA-182,Neural Nexus AI,reactive,high,1.0,0.0,1,pending
2025-05-31 12:56:00,ACE-175,Aether Core Engine,collaboration,medium,2.2,1.6,2,in_progress
2025-06-02 10:12:00,NNA-183,Neural Nexus AI,collaboration,medium,1.4,2.3,1,completed
2025-06-02 12:59:00,NNA-184,Neural Nexus AI,deep_work,medium,6.8,0.0,5,pending
2025-06-02 13:27:00,ACE-176,Aether Core Engine,strategy,medium,3.3,2.9,2,completed
2025-06-02 13:54:00,LUM-175,Lumina Analytics UI,deep_work,medium,5.8,4.0,3,completed
2025-06-02 17:20:00,NNA-185,Neural Nexus AI,strategy,high,1.5,1.5,4,completed
2025-06-02 18:32:00,LCM-165,Legacy Cloud Migration,deep_work,critical,4.1,3.5,4,in_progress
2025-06-02 19:23:00,LUM-176,Lumina Analytics UI,strategy,high,3.5,0.0,2,pending
2025-06-02 20:45:00,NNA-186,Neural Nexus AI,reactive,high,1.5,2.0,1,completed
2025-06-03 08:41:00,ACE-177,Aether Core Engine,deep_work,high,5.9,12.9,3,completed
2025-06-03 11:15:00,CHR-184,Project Chronos,deep_work,high,6.2,5.8,5,in_progress
2025-06-03 11:20:00,ZEN-165,ZenFlow Mobile v3,deep_work,medium,6.1,7.9,3,in_progress
2025-06-03 16:03:00,LCM-166,Legacy Cloud Migration,deep_work,critical,5.5,4.3,3,completed
2025-06-04 08:20:00,LUM-177,Lumina Analytics UI,collaboration,critical,2.2,4.6,1,completed
2025-06-04 16:44:00,ZEN-166,ZenFlow Mobile v3,collaboration,medium,0.7,0.7,2,in_progress
2025-06-05 10:16:00,NNA-187,Neural Nexus AI,deep_work,medium,5.7,7.3,4,completed
2025-06-05 11:24:00,ZEN-167,ZenFlow Mobile v3,deep_work,critical,3.3,3.9,4,in_progress
2025-06-06 18:51:00,LCM-167,Legacy Cloud Migration,deep_work,low,7.6,11.5,4,completed
2025-06-07 13:42:00,LUM-178,Lumina Analytics UI,deep_work,critical,3.5,4.2,3,completed
2025-06-09 10:14:00,CHR-185,Project Chronos,deep_work,critical,3.0,5.9,4,completed
2025-06-09 10:59:00,ACE-178,Aether Core Engine,deep_work,high,6.6,8.0,5,in_progress
2025-06-09 16:46:00,NNA-188,Neural Nexus AI,collaboration,critical,1.1,1.8,2,completed
2025-06-09 17:16:00,LCM-168,Legacy Cloud Migration,collaboration,high,0.7,0.4,2,in_progress
2025-06-10 10:03:00,CHR-186,Project Chronos,reactive,medium,1.8,2.8,1,in_progress
2025-06-10 12:15:00,LUM-179,Lumina Analytics UI,collaboration,medium,0.8,0.0,1,pending
2025-06-11 09:33:00,LCM-169,Legacy Cloud Migration,deep_work,high,7.3,0.0,4,pending
2025-06-11 10:10:00,ACE-179,Aether Core Engine,strategy,low,3.5,0.0,3,pending
2025-06-11 11:26:00,CHR-187,Project Chronos,reactive,medium,1.6,1.6,1,completed
2025-06-11 11:48:00,ZEN-168,ZenFlow Mobile v3,strategy,high,1.6,1.4,2,completed
2025-06-12 08:00:00,LCM-170,Legacy Cloud Migration,collaboration,high,1.4,1.3,1,in_progress
2025-06-12 12:07:00,LCM-171,Legacy Cloud Migration,strategy,high,1.8,1.6,3,completed
2025-06-12 17:11:00,NNA-189,Neural Nexus AI,deep_work,critical,6.2,0.0,5,pending
2025-06-12 20:42:00,LUM-180,Lumina Analytics UI,deep_work,high,5.1,4.5,3,completed
2025-06-12 20:44:00,NNA-190,Neural Nexus AI,deep_work,critical,7.6,4.9,4,completed
2025-06-13 11:07:00,NNA-191,Neural Nexus AI,reactive,critical,0.7,0.7,2,completed
2025-06-13 13:58:00,NNA-192,Neural Nexus AI,deep_work,medium,6.7,10.0,4,completed
2025-06-13 14:20:00,ZEN-169,ZenFlow Mobile v3,collaboration,medium,2.2,2.5,3,completed
2025-06-13 19:09:00,LUM-181,Lumina Analytics UI,collaboration,high,0.6,1.1,3,in_progress
2025-06-16 09:09:00,NNA-193,Neural Nexus AI,strategy,medium,3.0,3.1,2,in_progress
2025-06-16 15:37:00,LUM-182,Lumina Analytics UI,deep_work,high,7.1,8.9,4,in_progress
2025-06-16 17:48:00,NNA-194,Neural Nexus AI,reactive,low,1.1,0.0,2,pending
2025-06-16 18:07:00,ACE-180,Aether Core Engine,deep_work,critical,8.0,7.1,5,completed
2025-06-16 18:31:00,LUM-183,Lumina Analytics UI,deep_work,medium,4.1,7.7,5,in_progress
2025-06-16 18:36:00,LCM-172,Legacy Cloud Migration,deep_work,high,6.9,11.0,5,completed
2025-06-16 20:59:00,ZEN-170,ZenFlow Mobile v3,collaboration,high,2.5,2.0,3,completed
2025-06-17 09:29:00,ZEN-171,ZenFlow Mobile v3,deep_work,medium,3.2,4.9,3,in_progress
2025-06-17 15:38:00,NNA-195,Neural Nexus AI,collaboration,medium,1.2,2.4,1,completed
2025-06-17 20:14:00,LCM-173,Legacy Cloud Migration,reactive,high,0.8,0.9,1,in_progress
2025-06-18 09:24:00,ACE-181,Aether Core Engine,deep_work,high,4.9,3.0,5,completed
2025-06-18 14:29:00,LCM-174,Legacy Cloud Migration,collaboration,low,2.1,0.0,3,pending
2025-06-18 17:21:00,ACE-182,Aether Core Engine,deep_work,high,6.3,4.0,4,completed
2025-06-18 18:22:00,LUM-184,Lumina Analytics UI,deep_work,low,3.8,3.7,5,completed
2025-06-18 20:13:00,ACE-183,Aether Core Engine,strategy,high,3.5,2.8,4,completed
2025-06-19 09:06:00,ACE-184,Aether Core Engine,collaboration,medium,0.8,0.0,1,pending
2025-06-19 14:18:00,LUM-185,Lumina Analytics UI,deep_work,medium,4.0,2.6,4,completed
2025-06-19 15:17:00,ACE-185,Aether Core Engine,reactive,critical,1.7,2.8,1,in_progress
2025-06-19 15:37:00,NNA-196,Neural Nexus AI,collaboration,critical,2.4,1.6,1,completed
2025-06-20 12:47:00,LCM-175,Legacy Cloud Migration,collaboration,medium,2.5,3.7,1,completed
2025-06-20 13:46:00,LCM-176,Legacy Cloud Migration,reactive,low,1.8,3.5,1,completed
2025-06-20 19:37:00,LUM-186,Lumina Analytics UI,collaboration,high,1.1,2.4,1,in_progress
2025-06-21 19:35:00,ZEN-172,ZenFlow Mobile v3,deep_work,high,3.9,7.0,3,completed
2025-06-23 09:03:00,CHR-188,Project Chronos,deep_work,high,5.0,3.2,5,in_progress
2025-06-23 11:15:00,LUM-187,Lumina Analytics UI,collaboration,high,0.7,0.0,2,pending
2025-06-23 13:41:00,LUM-188,Lumina Analytics UI,deep_work,critical,5.9,9.3,3,completed
2025-06-23 18:13:00,CHR-189,Project Chronos,deep_work,low,4.5,4.3,5,completed
2025-06-23 19:30:00,NNA-197,Neural Nexus AI,reactive,medium,1.0,0.7,1,in_progress
2025-06-24 07:07:00,ZEN-173,ZenFlow Mobile v3,deep_work,critical,7.8,6.8,4,completed
2025-06-24 10:23:00,ACE-186,Aether Core Engine,deep_work,low,6.1,4.5,4,in_progress
2025-06-25 09:24:00,LCM-177,Legacy Cloud Migration,deep_work,high,6.3,4.7,3,in_progress
2025-06-25 14:09:00,CHR-190,Project Chronos,deep_work,low,4.8,10.2,5,completed
2025-06-25 14:20:00,NNA-198,Neural Nexus AI,collaboration,high,0.9,1.0,1,in_progress
2025-06-25 18:44:00,NNA-199,Neural Nexus AI,reactive,high,0.7,0.0,2,pending
2025-06-25 19:20:00,LUM-189,Lumina Analytics UI,reactive,medium,1.5,2.8,2,completed
2025-06-25 19:54:00,NNA-200,Neural Nexus AI,strategy,medium,1.9,1.5,4,completed
2025-06-26 07:30:00,LUM-190,Lumina Analytics UI,collaboration,critical,1.6,1.3,3,completed
2025-06-26 15:35:00,ZEN-174,ZenFlow Mobile v3,collaboration,medium,0.6,0.0,2,pending
2025-06-27 08:39:00,CHR-191,Project Chronos,collaboration,medium,0.6,1.1,3,completed
2025-06-27 17:24:00,LUM-191,Lumina Analytics UI,reactive,high,1.5,2.4,1,in_progress
2025-06-27 18:57:00,ACE-187,Aether Core Engine,collaboration,critical,1.4,2.5,3,completed
